Workbook

Sheet لوحة التحكم
A1: ✨ لوحة تحكم الأداء الأكاديمي
A3: عدد الطلاب | B3: المتوسط العام % | C3: نسبة النجاح | D3: أعلى متوسط | E3: أدنى متوسط | F3: الامتحان الأقوى
A4: =COUNTA('إدخال الدرجات'!B3:B32) -> 30 | B4: =IFERROR(AVERAGEIF('إدخال الدرجات'!J3:J32,">0"),"") | C4: =IFERROR(COUNTIF('إدخال الدرجات'!K3:K32,"ناجح")/COUNTIF('إدخال الدرجات'!K3:K32,"<>") ,"") -> 0 | D4: =IFERROR(MAX('إدخال الدرجات'!J3:J32),"") -> 0 | E4: =IFERROR(__xludf.DUMMYFUNCTION("IFERROR(MIN(FILTER('إدخال الدرجات'!J3:J32,'إدخال الدرجات'!J3:J32>0)),"""")"),"") | F4: {=IFERROR(INDEX(B12:B17,MATCH(MAX(C12:C17),C12:C17,0)),"")}
A8: تحليل الامتحانات
A9: الامتحان | B9: متوسط الصف | C9: نسبة الإتقان
A10: امتحان 1 | B10: =IFERROR(AVERAGEIF('إدخال الدرجات'!C3:C32,">0"),"") | C10: =IFERROR(COUNTIF('إدخال الدرجات'!C3:C32,">=50")/COUNTIF('إدخال الدرجات'!C3:C32,">=0"),"")
A11: امتحان 2 | B11: =IFERROR(AVERAGEIF('إدخال الدرجات'!D3:D32,">0"),"") | C11: =IFERROR(COUNTIF('إدخال الدرجات'!D3:D32,">=50")/COUNTIF('إدخال الدرجات'!D3:D32,">=0"),"")
A12: امتحان 3 | B12: =IFERROR(AVERAGEIF('إدخال الدرجات'!E3:E32,">0"),"") | C12: =IFERROR(COUNTIF('إدخال الدرجات'!E3:E32,">=50")/COUNTIF('إدخال الدرجات'!E3:E32,">=0"),"")
A13: امتحان 4 | B13: =IFERROR(AVERAGEIF('إدخال الدرجات'!F3:F32,">0"),"") | C13: =IFERROR(COUNTIF('إدخال الدرجات'!F3:F32,">=50")/COUNTIF('إدخال الدرجات'!F3:F32,">=0"),"")
A14: امتحان 5 | B14: =IFERROR(AVERAGEIF('إدخال الدرجات'!G3:G32,">0"),"") | C14: =IFERROR(COUNTIF('إدخال الدرجات'!G3:G32,">=50")/COUNTIF('إدخال الدرجات'!G3:G32,">=0"),"")
A15: امتحان 6 | B15: =IFERROR(AVERAGEIF('إدخال الدرجات'!H3:H32,">0"),"") | C15: =IFERROR(COUNTIF('إدخال الدرجات'!H3:H32,">=50")/COUNTIF('إدخال الدرجات'!H3:H32,">=0"),"")
A21: {=IFERROR(IF(LARGE('إدخال الدرجات'!$J$3:$J$32,1)=0,"",INDEX('إدخال الدرجات'!$B$3:$B$32,MATCH(LARGE('إدخال الدرجات'!$J$3:$J$32,1),'إدخال الدرجات'!$J$3:$J$32,0))),"")} | B21: =IFERROR(IF(LARGE('إدخال الدرجات'!$J$3:$J$32,1)=0,"",LARGE('إدخال الدرجات'!$J$3:$J$32,1)),"") | C21: =IF(B21="","",IF(B21>=50,"ناجح","يحتاج متابعة"))
A22: {=IFERROR(IF(LARGE('إدخال الدرجات'!$J$3:$J$32,2)=0,"",INDEX('إدخال الدرجات'!$B$3:$B$32,MATCH(LARGE('إدخال الدرجات'!$J$3:$J$32,2),'إدخال الدرجات'!$J$3:$J$32,0))),"")} | B22: =IFERROR(IF(LARGE('إدخال الدرجات'!$J$3:$J$32,2)=0,"",LARGE('إدخال الدرجات'!$J$3:$J$32,2)),"") | C22: =IF(B22="","",IF(B22>=50,"ناجح","يحتاج متابعة"))
A23: {=IFERROR(IF(LARGE('إدخال الدرجات'!$J$3:$J$32,3)=0,"",INDEX('إدخال الدرجات'!$B$3:$B$32,MATCH(LARGE('إدخال الدرجات'!$J$3:$J$32,3),'إدخال الدرجات'!$J$3:$J$32,0))),"")} | B23: =IFERROR(IF(LARGE('إدخال الدرجات'!$J$3:$J$32,3)=0,"",LARGE('إدخال الدرجات'!$J$3:$J$32,3)),"") | C23: =IF(B23="","",IF(B23>=50,"ناجح","يحتاج متابعة"))
A24: {=IFERROR(IF(LARGE('إدخال الدرجات'!$J$3:$J$32,4)=0,"",INDEX('إدخال الدرجات'!$B$3:$B$32,MATCH(LARGE('إدخال الدرجات'!$J$3:$J$32,4),'إدخال الدرجات'!$J$3:$J$32,0))),"")} | B24: =IFERROR(IF(LARGE('إدخال الدرجات'!$J$3:$J$32,4)=0,"",LARGE('إدخال الدرجات'!$J$3:$J$32,4)),"") | C24: =IF(B24="","",IF(B24>=50,"ناجح","يحتاج متابعة"))
A25: {=IFERROR(IF(LARGE('إدخال الدرجات'!$J$3:$J$32,5)=0,"",INDEX('إدخال الدرجات'!$B$3:$B$32,MATCH(LARGE('إدخال الدرجات'!$J$3:$J$32,5),'إدخال الدرجات'!$J$3:$J$32,0))),"")} | B25: =IFERROR(IF(LARGE('إدخال الدرجات'!$J$3:$J$32,5)=0,"",LARGE('إدخال الدرجات'!$J$3:$J$32,5)),"") | C25: =IF(B25="","",IF(B25>=50,"ناجح","يحتاج متابعة"))

Sheet إدخال الدرجات
A1: 📚 سجل درجات الطلاب — أدخل الأسماء والدرجات في الخانات الزرقاء
A2: # | B2: اسم الطالب | C2: امتحان 1 | D2: امتحان 2 | E2: امتحان 3 | F2: امتحان 4 | G2: امتحان 5 | H2: امتحان 6 | I2: المجموع | J2: المتوسط % | K2: الحالة | L2: الترتيب | M2: ملاحظات | N2: آخر تحديث
A3: 1 | B3: طالب 1 | I3: =IF(COUNTA(C3:H3)=0,"",SUM(C3:H3)) -> 0 | J3: =IF(COUNTA(C3:H3)=0,"",I3/6) -> 0 | K3: =IF(COUNTA(C3:H3)=0,"",IF(J3>='الإعدادات'!$B$2,"ناجح","يحتاج متابعة")) -> يحتاج متابعة | L3: =IF(COUNTA(C3:H3)=0,"",RANK(J3,$J$3:$J$32,0)) -> 1
A4: 2 | B4: طالب 2 | I4: =IF(COUNTA(C4:H4)=0,"",SUM(C4:H4)) -> 0 | J4: =IF(COUNTA(C4:H4)=0,"",I4/6) -> 0 | K4: =IF(COUNTA(C4:H4)=0,"",IF(J4>='الإعدادات'!$B$2,"ناجح","يحتاج متابعة")) -> يحتاج متابعة | L4: =IF(COUNTA(C4:H4)=0,"",RANK(J4,$J$3:$J$32,0)) -> 1
A5: 3 | B5: طالب 3 | I5: =IF(COUNTA(C5:H5)=0,"",SUM(C5:H5)) -> 0 | J5: =IF(COUNTA(C5:H5)=0,"",I5/6) -> 0 | K5: =IF(COUNTA(C5:H5)=0,"",IF(J5>='الإعدادات'!$B$2,"ناجح","يحتاج متابعة")) -> يحتاج متابعة | L5: =IF(COUNTA(C5:H5)=0,"",RANK(J5,$J$3:$J$32,0)) -> 1
A6: 4 | B6: طالب 4 | I6: =IF(COUNTA(C6:H6)=0,"",SUM(C6:H6)) -> 0 | J6: =IF(COUNTA(C6:H6)=0,"",I6/6) -> 0 | K6: =IF(COUNTA(C6:H6)=0,"",IF(J6>='الإعدادات'!$B$2,"ناجح","يحتاج متابعة")) -> يحتاج متابعة | L6: =IF(COUNTA(C6:H6)=0,"",RANK(J6,$J$3:$J$32,0)) -> 1
A7: 5 | B7: طالب 5 | I7: =IF(COUNTA(C7:H7)=0,"",SUM(C7:H7)) -> 0 | J7: =IF(COUNTA(C7:H7)=0,"",I7/6) -> 0 | K7: =IF(COUNTA(C7:H7)=0,"",IF(J7>='الإعدادات'!$B$2,"ناجح","يحتاج متابعة")) -> يحتاج متابعة | L7: =IF(COUNTA(C7:H7)=0,"",RANK(J7,$J$3:$J$32,0)) -> 1
A8: 6 | B8: طالب 6 | I8: =IF(COUNTA(C8:H8)=0,"",SUM(C8:H8)) -> 0 | J8: =IF(COUNTA(C8:H8)=0,"",I8/6) -> 0 | K8: =IF(COUNTA(C8:H8)=0,"",IF(J8>='الإعدادات'!$B$2,"ناجح","يحتاج متابعة")) -> يحتاج متابعة | L8: =IF(COUNTA(C8:H8)=0,"",RANK(J8,$J$3:$J$32,0)) -> 1
A9: 7 | B9: طالب 7 | I9: =IF(COUNTA(C9:H9)=0,"",SUM(C9:H9)) -> 0 | J9: =IF(COUNTA(C9:H9)=0,"",I9/6) -> 0 | K9: =IF(COUNTA(C9:H9)=0,"",IF(J9>='الإعدادات'!$B$2,"ناجح","يحتاج متابعة")) -> يحتاج متابعة | L9: =IF(COUNTA(C9:H9)=0,"",RANK(J9,$J$3:$J$32,0)) -> 1
A10: 8 | B10: طالب 8 | I10: =IF(COUNTA(C10:H10)=0,"",SUM(C10:H10)) -> 0 | J10: =IF(COUNTA(C10:H10)=0,"",I10/6) -> 0 | K10: =IF(COUNTA(C10:H10)=0,"",IF(J10>='الإعدادات'!$B$2,"ناجح","يحتاج متابعة")) -> يحتاج متابعة | L10: =IF(COUNTA(C10:H10)=0,"",RANK(J10,$J$3:$J$32,0)) -> 1
A11: 9 | B11: طالب 9 | I11: =IF(COUNTA(C11:H11)=0,"",SUM(C11:H11)) -> 0 | J11: =IF(COUNTA(C11:H11)=0,"",I11/6) -> 0 | K11: =IF(COUNTA(C11:H11)=0,"",IF(J11>='الإعدادات'!$B$2,"ناجح","يحتاج متابعة")) -> يحتاج متابعة | L11: =IF(COUNTA(C11:H11)=0,"",RANK(J11,$J$3:$J$32,0)) -> 1
A12: 10 | B12: طالب 10 | I12: =IF(COUNTA(C12:H12)=0,"",SUM(C12:H12)) -> 0 | J12: =IF(COUNTA(C12:H12)=0,"",I12/6) -> 0 | K12: =IF(COUNTA(C12:H12)=0,"",IF(J12>='الإعدادات'!$B$2,"ناجح","يحتاج متابعة")) -> يحتاج متابعة | L12: =IF(COUNTA(C12:H12)=0,"",RANK(J12,$J$3:$J$32,0)) -> 1
A13: 11 | B13: طالب 11 | I13: =IF(COUNTA(C13:H13)=0,"",SUM(C13:H13)) -> 0 | J13: =IF(COUNTA(C13:H13)=0,"",I13/6) -> 0 | K13: =IF(COUNTA(C13:H13)=0,"",IF(J13>='الإعدادات'!$B$2,"ناجح","يحتاج متابعة")) -> يحتاج متابعة | L13: =IF(COUNTA(C13:H13)=0,"",RANK(J13,$J$3:$J$32,0)) -> 1
A14: 12 | B14: طالب 12 | I14: =IF(COUNTA(C14:H14)=0,"",SUM(C14:H14)) -> 0 | J14: =IF(COUNTA(C14:H14)=0,"",I14/6) -> 0 | K14: =IF(COUNTA(C14:H14)=0,"",IF(J14>='الإعدادات'!$B$2,"ناجح","يحتاج متابعة")) -> يحتاج متابعة | L14: =IF(COUNTA(C14:H14)=0,"",RANK(J14,$J$3:$J$32,0)) -> 1
... A32: 30 | B32: طالب 30 | I32: =IF(COUNTA(C32:H32)=0,"",SUM(C32:H32)) -> 0 | J32: =IF(COUNTA(C32:H32)=0,"",I32/6) -> 0 | K32: =IF(COUNTA(C32:H32)=0,"",IF(J32>='الإعدادات'!$B$2,"ناجح","يحتاج متابعة")) -> يحتاج متابعة | L32: =IF(COUNTA(C32:H32)=0,"",RANK(J32,$J$3:$J$32,0)) -> 1

Sheet تحليل الطلاب
A1: 📊 التحليل التفصيلي — يتحدث تلقائيًا مع كل درجة
A2: الترتيب | B2: اسم الطالب | C2: امتحان 1 | D2: امتحان 2 | E2: امتحان 3 | F2: امتحان 4 | G2: امتحان 5 | H2: امتحان 6 | I2: المجموع | J2: المتوسط % | K2: الحالة | L2: أعلى امتحان | M2: أضعف امتحان | N2: الفارق عن المتوسط | O2: توصية
A3: =IF('إدخال الدرجات'!$J$3="","",'إدخال الدرجات'!$L$3) -> 1 | B3: ='إدخال الدرجات'!B3 -> طالب 1 | C3: ='إدخال الدرجات'!C3 | D3: ='إدخال الدرجات'!D3 | E3: ='إدخال الدرجات'!E3 | F3: ='إدخال الدرجات'!F3 | G3: ='إدخال الدرجات'!G3 | H3: ='إدخال الدرجات'!H3 | I3: ='إدخال الدرجات'!I3 -> 0 | ... K3: ='إدخال الدرجات'!K3 -> يحتاج متابعة | L3: =MAX(C3:H3) -> 0 | M3: =MIN(C3:H3) -> 0 | N3: =IF(J3="","",J3-AVERAGE($J$3:$J$32)) -> 0 | O3: =IF(J3="","",IF(J3>=80,"ممتاز — استمر",IF(J3>=50,"جيد — عزز نقاط القوة","خطة دعم مطلوبة"))) -> خطة دعم مطلوبة
A4: =IF('إدخال الدرجات'!$J$4="","",'إدخال الدرجات'!$L$4) -> 1 | B4: ='إدخال الدرجات'!B4 -> طالب 2 | C4: ='إدخال الدرجات'!C4 | D4: ='إدخال الدرجات'!D4 | E4: ='إدخال الدرجات'!E4 | F4: ='إدخال الدرجات'!F4 | G4: ='إدخال الدرجات'!G4 | H4: ='إدخال الدرجات'!H4 | I4: ='إدخال الدرجات'!I4 -> 0 | ... K4: ='إدخال الدرجات'!K4 -> يحتاج متابعة | L4: =MAX(C4:H4) -> 0 | M4: =MIN(C4:H4) -> 0 | N4: =IF(J4="","",J4-AVERAGE($J$3:$J$32)) -> 0 | O4: =IF(J4="","",IF(J4>=80,"ممتاز — استمر",IF(J4>=50,"جيد — عزز نقاط القوة","خطة دعم مطلوبة"))) -> خطة دعم مطلوبة
A5: =IF('إدخال الدرجات'!$J$5="","",'إدخال الدرجات'!$L$5) -> 1 | B5: ='إدخال الدرجات'!B5 -> طالب 3 | C5: ='إدخال الدرجات'!C5 | D5: ='إدخال الدرجات'!D5 | E5: ='إدخال الدرجات'!E5 | F5: ='إدخال الدرجات'!F5 | G5: ='إدخال الدرجات'!G5 | H5: ='إدخال الدرجات'!H5 | I5: ='إدخال الدرجات'!I5 -> 0 | ... K5: ='إدخال الدرجات'!K5 -> يحتاج متابعة | L5: =MAX(C5:H5) -> 0 | M5: =MIN(C5:H5) -> 0 | N5: =IF(J5="","",J5-AVERAGE($J$3:$J$32)) -> 0 | O5: =IF(J5="","",IF(J5>=80,"ممتاز — استمر",IF(J5>=50,"جيد — عزز نقاط القوة","خطة دعم مطلوبة"))) -> خطة دعم مطلوبة
A6: =IF('إدخال الدرجات'!$J$6="","",'إدخال الدرجات'!$L$6) -> 1 | B6: ='إدخال الدرجات'!B6 -> طالب 4 | C6: ='إدخال الدرجات'!C6 | D6: ='إدخال الدرجات'!D6 | E6: ='إدخال الدرجات'!E6 | F6: ='إدخال الدرجات'!F6 | G6: ='إدخال الدرجات'!G6 | H6: ='إدخال الدرجات'!H6 | I6: ='إدخال الدرجات'!I6 -> 0 | ... K6: ='إدخال الدرجات'!K6 -> يحتاج متابعة | L6: =MAX(C6:H6) -> 0 | M6: =MIN(C6:H6) -> 0 | N6: =IF(J6="","",J6-AVERAGE($J$3:$J$32)) -> 0 | O6: =IF(J6="","",IF(J6>=80,"ممتاز — استمر",IF(J6>=50,"جيد — عزز نقاط القوة","خطة دعم مطلوبة"))) -> خطة دعم مطلوبة
A7: =IF('إدخال الدرجات'!$J$7="","",'إدخال الدرجات'!$L$7) -> 1 | B7: ='إدخال الدرجات'!B7 -> طالب 5 | C7: ='إدخال الدرجات'!C7 | D7: ='إدخال الدرجات'!D7 | E7: ='إدخال الدرجات'!E7 | F7: ='إدخال الدرجات'!F7 | G7: ='إدخال الدرجات'!G7 | H7: ='إدخال الدرجات'!H7 | I7: ='إدخال الدرجات'!I7 -> 0 | ... K7: ='إدخال الدرجات'!K7 -> يحتاج متابعة | L7: =MAX(C7:H7) -> 0 | M7: =MIN(C7:H7) -> 0 | N7: =IF(J7="","",J7-AVERAGE($J$3:$J$32)) -> 0 | O7: =IF(J7="","",IF(J7>=80,"ممتاز — استمر",IF(J7>=50,"جيد — عزز نقاط القوة","خطة دعم مطلوبة"))) -> خطة دعم مطلوبة
A8: =IF('إدخال الدرجات'!$J$8="","",'إدخال الدرجات'!$L$8) -> 1 | B8: ='إدخال الدرجات'!B8 -> طالب 6 | C8: ='إدخال الدرجات'!C8 | D8: ='إدخال الدرجات'!D8 | E8: ='إدخال الدرجات'!E8 | F8: ='إدخال الدرجات'!F8 | G8: ='إدخال الدرجات'!G8 | H8: ='إدخال الدرجات'!H8 | I8: ='إدخال الدرجات'!I8 -> 0 | ... K8: ='إدخال الدرجات'!K8 -> يحتاج متابعة | L8: =MAX(C8:H8) -> 0 | M8: =MIN(C8:H8) -> 0 | N8: =IF(J8="","",J8-AVERAGE($J$3:$J$32)) -> 0 | O8: =IF(J8="","",IF(J8>=80,"ممتاز — استمر",IF(J8>=50,"جيد — عزز نقاط القوة","خطة دعم مطلوبة"))) -> خطة دعم مطلوبة
A9: =IF('إدخال الدرجات'!$J$9="","",'إدخال الدرجات'!$L$9) -> 1 | B9: ='إدخال الدرجات'!B9 -> طالب 7 | C9: ='إدخال الدرجات'!C9 | D9: ='إدخال الدرجات'!D9 | E9: ='إدخال الدرجات'!E9 | F9: ='إدخال الدرجات'!F9 | G9: ='إدخال الدرجات'!G9 | H9: ='إدخال الدرجات'!H9 | I9: ='إدخال الدرجات'!I9 -> 0 | ... K9: ='إدخال الدرجات'!K9 -> يحتاج متابعة | L9: =MAX(C9:H9) -> 0 | M9: =MIN(C9:H9) -> 0 | N9: =IF(J9="","",J9-AVERAGE($J$3:$J$32)) -> 0 | O9: =IF(J9="","",IF(J9>=80,"ممتاز — استمر",IF(J9>=50,"جيد — عزز نقاط القوة","خطة دعم مطلوبة"))) -> خطة دعم مطلوبة
A10: =IF('إدخال الدرجات'!$J$10="","",'إدخال الدرجات'!$L$10) -> 1 | B10: ='إدخال الدرجات'!B10 -> طالب 8 | C10: ='إدخال الدرجات'!C10 | D10: ='إدخال الدرجات'!D10 | E10: ='إدخال الدرجات'!E10 | F10: ='إدخال الدرجات'!F10 | G10: ='إدخال الدرجات'!G10 | H10: ='إدخال الدرجات'!H10 | I10: ='إدخال الدرجات'!I10 -> 0 | ... K10: ='إدخال الدرجات'!K10 -> يحتاج متابعة | L10: =MAX(C10:H10) -> 0 | M10: =MIN(C10:H10) -> 0 | N10: =IF(J10="","",J10-AVERAGE($J$3:$J$32)) -> 0 | O10: =IF(J10="","",IF(J10>=80,"ممتاز — استمر",IF(J10>=50,"جيد — عزز نقاط القوة","خطة دعم مطلوبة"))) -> خطة دعم مطلوبة
A11: =IF('إدخال الدرجات'!$J$11="","",'إدخال الدرجات'!$L$11) -> 1 | B11: ='إدخال الدرجات'!B11 -> طالب 9 | C11: ='إدخال الدرجات'!C11 | D11: ='إدخال الدرجات'!D11 | E11: ='إدخال الدرجات'!E11 | F11: ='إدخال الدرجات'!F11 | G11: ='إدخال الدرجات'!G11 | H11: ='إدخال الدرجات'!H11 | I11: ='إدخال الدرجات'!I11 -> 0 | ... K11: ='إدخال الدرجات'!K11 -> يحتاج متابعة | L11: =MAX(C11:H11) -> 0 | M11: =MIN(C11:H11) -> 0 | N11: =IF(J11="","",J11-AVERAGE($J$3:$J$32)) -> 0 | O11: =IF(J11="","",IF(J11>=80,"ممتاز — استمر",IF(J11>=50,"جيد — عزز نقاط القوة","خطة دعم مطلوبة"))) -> خطة دعم مطلوبة
A12: =IF('إدخال الدرجات'!$J$12="","",'إدخال الدرجات'!$L$12) -> 1 | B12: ='إدخال الدرجات'!B12 -> طالب 10 | C12: ='إدخال الدرجات'!C12 | D12: ='إدخال الدرجات'!D12 | E12: ='إدخال الدرجات'!E12 | F12: ='إدخال الدرجات'!F12 | G12: ='إدخال الدرجات'!G12 | H12: ='إدخال الدرجات'!H12 | I12: ='إدخال الدرجات'!I12 -> 0 | ... K12: ='إدخال الدرجات'!K12 -> يحتاج متابعة | L12: =MAX(C12:H12) -> 0 | M12: =MIN(C12:H12) -> 0 | N12: =IF(J12="","",J12-AVERAGE($J$3:$J$32)) -> 0 | O12: =IF(J12="","",IF(J12>=80,"ممتاز — استمر",IF(J12>=50,"جيد — عزز نقاط القوة","خطة دعم مطلوبة"))) -> خطة دعم مطلوبة
A13: =IF('إدخال الدرجات'!$J$13="","",'إدخال الدرجات'!$L$13) -> 1 | B13: ='إدخال الدرجات'!B13 -> طالب 11 | C13: ='إدخال الدرجات'!C13 | D13: ='إدخال الدرجات'!D13 | E13: ='إدخال الدرجات'!E13 | F13: ='إدخال الدرجات'!F13 | G13: ='إدخال الدرجات'!G13 | H13: ='إدخال الدرجات'!H13 | I13: ='إدخال الدرجات'!I13 -> 0 | ... K13: ='إدخال الدرجات'!K13 -> يحتاج متابعة | L13: =MAX(C13:H13) -> 0 | M13: =MIN(C13:H13) -> 0 | N13: =IF(J13="","",J13-AVERAGE($J$3:$J$32)) -> 0 | O13: =IF(J13="","",IF(J13>=80,"ممتاز — استمر",IF(J13>=50,"جيد — عزز نقاط القوة","خطة دعم مطلوبة"))) -> خطة دعم مطلوبة
A14: =IF('إدخال الدرجات'!$J$14="","",'إدخال الدرجات'!$L$14) -> 1 | B14: ='إدخال الدرجات'!B14 -> طالب 12 | C14: ='إدخال الدرجات'!C14 | D14: ='إدخال الدرجات'!D14 | E14: ='إدخال الدرجات'!E14 | F14: ='إدخال الدرجات'!F14 | G14: ='إدخال الدرجات'!G14 | H14: ='إدخال الدرجات'!H14 | I14: ='إدخال الدرجات'!I14 -> 0 | ... K14: ='إدخال الدرجات'!K14 -> يحتاج متابعة | L14: =MAX(C14:H14) -> 0 | M14: =MIN(C14:H14) -> 0 | N14: =IF(J14="","",J14-AVERAGE($J$3:$J$32)) -> 0 | O14: =IF(J14="","",IF(J14>=80,"ممتاز — استمر",IF(J14>=50,"جيد — عزز نقاط القوة","خطة دعم مطلوبة"))) -> خطة دعم مطلوبة
A15: =IF('إدخال الدرجات'!$J$15="","",'إدخال الدرجات'!$L$15) -> 1 | B15: ='إدخال الدرجات'!B15 -> طالب 13 | C15: ='إدخال الدرجات'!C15 | D15: ='إدخال الدرجات'!D15 | E15: ='إدخال الدرجات'!E15 | F15: ='إدخال الدرجات'!F15 | G15: ='إدخال الدرجات'!G15 | H15: ='إدخال الدرجات'!H15 | I15: ='إدخال الدرجات'!I15 -> 0 | ... K15: ='إدخال الدرجات'!K15 -> يحتاج متابعة | L15: =MAX(C15:H15) -> 0 | M15: =MIN(C15:H15) -> 0 | N15: =IF(J15="","",J15-AVERAGE($J$3:$J$32)) -> 0 | O15: =IF(J15="","",IF(J15>=80,"ممتاز — استمر",IF(J15>=50,"جيد — عزز نقاط القوة","خطة دعم مطلوبة"))) -> خطة دعم مطلوبة
A16: =IF('إدخال الدرجات'!$J$16="","",'إدخال الدرجات'!$L$16) -> 1 | B16: ='إدخال الدرجات'!B16 -> طالب 14 | C16: ='إدخال الدرجات'!C16 | D16: ='إدخال الدرجات'!D16 | E16: ='إدخال الدرجات'!E16 | F16: ='إدخال الدرجات'!F16 | G16: ='إدخال الدرجات'!G16 | H16: ='إدخال الدرجات'!H16 | I16: ='إدخال الدرجات'!I16 -> 0 | ... K16: ='إدخال الدرجات'!K16 -> يحتاج متابعة | L16: =MAX(C16:H16) -> 0 | M16: =MIN(C16:H16) -> 0 | N16: =IF(J16="","",J16-AVERAGE($J$3:$J$32)) -> 0 | O16: =IF(J16="","",IF(J16>=80,"ممتاز — استمر",IF(J16>=50,"جيد — عزز نقاط القوة","خطة دعم مطلوبة"))) -> خطة دعم مطلوبة
A17: =IF('إدخال الدرجات'!$J$17="","",'إدخال الدرجات'!$L$17) -> 1 | B17: ='إدخال الدرجات'!B17 -> طالب 15 | C17: ='إدخال الدرجات'!C17 | D17: ='إدخال الدرجات'!D17 | E17: ='إدخال الدرجات'!E17 | F17: ='إدخال الدرجات'!F17 | G17: ='إدخال الدرجات'!G17 | H17: ='إدخال الدرجات'!H17 | I17: ='إدخال الدرجات'!I17 -> 0 | ... K17: ='إدخال الدرجات'!K17 -> يحتاج متابعة | L17: =MAX(C17:H17) -> 0 | M17: =MIN(C17:H17) -> 0 | N17: =IF(J17="","",J17-AVERAGE($J$3:$J$32)) -> 0 | O17: =IF(J17="","",IF(J17>=80,"ممتاز — استمر",IF(J17>=50,"جيد — عزز نقاط القوة","خطة دعم مطلوبة"))) -> خطة دعم مطلوبة
A18: =IF('إدخال الدرجات'!$J$18="","",'إدخال الدرجات'!$L$18) -> 1 | B18: ='إدخال الدرجات'!B18 -> طالب 16 | C18: ='إدخال الدرجات'!C18 | D18: ='إدخال الدرجات'!D18 | E18: ='إدخال الدرجات'!E18 | F18: ='إدخال الدرجات'!F18 | G18: ='إدخال الدرجات'!G18 | H18: ='إدخال الدرجات'!H18 | I18: ='إدخال الدرجات'!I18 -> 0 | ... K18: ='إدخال الدرجات'!K18 -> يحتاج متابعة | L18: =MAX(C18:H18) -> 0 | M18: =MIN(C18:H18) -> 0 | N18: =IF(J18="","",J18-AVERAGE($J$3:$J$32)) -> 0 | O18: =IF(J18="","",IF(J18>=80,"ممتاز — استمر",IF(J18>=50,"جيد — عزز نقاط القوة","خطة دعم مطلوبة"))) -> خطة دعم مطلوبة
A19: =IF('إدخال الدرجات'!$J$19="","",'إدخال الدرجات'!$L$19) -> 1 | B19: ='إدخال الدرجات'!B19 -> طالب 17 | C19: ='إدخال الدرجات'!C19 | D19: ='إدخال الدرجات'!D19 | E19: ='إدخال الدرجات'!E19 | F19: ='إدخال الدرجات'!F19 | G19: ='إدخال الدرجات'!G19 | H19: ='إدخال الدرجات'!H19 | I19: ='إدخال الدرجات'!I19 -> 0 | ... K19: ='إدخال الدرجات'!K19 -> يحتاج متابعة | L19: =MAX(C19:H19) -> 0 | M19: =MIN(C19:H19) -> 0 | N19: =IF(J19="","",J19-AVERAGE($J$3:$J$32)) -> 0 | O19: =IF(J19="","",IF(J19>=80,"ممتاز — استمر",IF(J19>=50,"جيد — عزز نقاط القوة","خطة دعم مطلوبة"))) -> خطة دعم مطلوبة
A20: =IF('إدخال الدرجات'!$J$20="","",'إدخال الدرجات'!$L$20) -> 1 | B20: ='إدخال الدرجات'!B20 -> طالب 18 | C20: ='إدخال الدرجات'!C20 | D20: ='إدخال الدرجات'!D20 | E20: ='إدخال الدرجات'!E20 | F20: ='إدخال الدرجات'!F20 | G20: ='إدخال الدرجات'!G20 | H20: ='إدخال الدرجات'!H20 | I20: ='إدخال الدرجات'!I20 -> 0 | ... K20: ='إدخال الدرجات'!K20 -> يحتاج متابعة | L20: =MAX(C20:H20) -> 0 | M20: =MIN(C20:H20) -> 0 | N20: =IF(J20="","",J20-AVERAGE($J$3:$J$32)) -> 0 | O20: =IF(J20="","",IF(J20>=80,"ممتاز — استمر",IF(J20>=50,"جيد — عزز نقاط القوة","خطة دعم مطلوبة"))) -> خطة دعم مطلوبة
A21: =IF('إدخال الدرجات'!$J$21="","",'إدخال الدرجات'!$L$21) -> 1 | B21: ='إدخال الدرجات'!B21 -> طالب 19 | C21: ='إدخال الدرجات'!C21 | D21: ='إدخال الدرجات'!D21 | E21: ='إدخال الدرجات'!E21 | F21: ='إدخال الدرجات'!F21 | G21: ='إدخال الدرجات'!G21 | H21: ='إدخال الدرجات'!H21 | I21: ='إدخال الدرجات'!I21 -> 0 | ... K21: ='إدخال الدرجات'!K21 -> يحتاج متابعة | L21: =MAX(C21:H21) -> 0 | M21: =MIN(C21:H21) -> 0 | N21: =IF(J21="","",J21-AVERAGE($J$3:$J$32)) -> 0 | O21: =IF(J21="","",IF(J21>=80,"ممتاز — استمر",IF(J21>=50,"جيد — عزز نقاط القوة","خطة دعم مطلوبة"))) -> خطة دعم مطلوبة
A22: =IF('إدخال الدرجات'!$J$22="","",'إدخال الدرجات'!$L$22) -> 1 | B22: ='إدخال الدرجات'!B22 -> طالب 20 | C22: ='إدخال الدرجات'!C22 | D22: ='إدخال الدرجات'!D22 | E22: ='إدخال الدرجات'!E22 | F22: ='إدخال الدرجات'!F22 | G22: ='إدخال الدرجات'!G22 | H22: ='إدخال الدرجات'!H22 | I22: ='إدخال الدرجات'!I22 -> 0 | ... K22: ='إدخال الدرجات'!K22 -> يحتاج متابعة | L22: =MAX(C22:H22) -> 0 | M22: =MIN(C22:H22) -> 0 | N22: =IF(J22="","",J22-AVERAGE($J$3:$J$32)) -> 0 | O22: =IF(J22="","",IF(J22>=80,"ممتاز — استمر",IF(J22>=50,"جيد — عزز نقاط القوة","خطة دعم مطلوبة"))) -> خطة دعم مطلوبة
A23: =IF('إدخال الدرجات'!$J$23="","",'إدخال الدرجات'!$L$23) -> 1 | B23: ='إدخال الدرجات'!B23 -> طالب 21 | C23: ='إدخال الدرجات'!C23 | D23: ='إدخال الدرجات'!D23 | E23: ='إدخال الدرجات'!E23 | F23: ='إدخال الدرجات'!F23 | G23: ='إدخال الدرجات'!G23 | H23: ='إدخال الدرجات'!H23 | I23: ='إدخال الدرجات'!I23 -> 0 | ... K23: ='إدخال الدرجات'!K23 -> يحتاج متابعة | L23: =MAX(C23:H23) -> 0 | M23: =MIN(C23:H23) -> 0 | N23: =IF(J23="","",J23-AVERAGE($J$3:$J$32)) -> 0 | O23: =IF(J23="","",IF(J23>=80,"ممتاز — استمر",IF(J23>=50,"جيد — عزز نقاط القوة","خطة دعم مطلوبة"))) -> خطة دعم مطلوبة
A24: =IF('إدخال الدرجات'!$J$24="","",'إدخال الدرجات'!$L$24) -> 1 | B24: ='إدخال الدرجات'!B24 -> طالب 22 | C24: ='إدخال الدرجات'!C24 | D24: ='إدخال الدرجات'!D24 | E24: ='إدخال الدرجات'!E24 | F24: ='إدخال الدرجات'!F24 | G24: ='إدخال الدرجات'!G24 | H24: ='إدخال الدرجات'!H24 | I24: ='إدخال الدرجات'!I24 -> 0 | ... K24: ='إدخال الدرجات'!K24 -> يحتاج متابعة | L24: =MAX(C24:H24) -> 0 | M24: =MIN(C24:H24) -> 0 | N24: =IF(J24="","",J24-AVERAGE($J$3:$J$32)) -> 0 | O24: =IF(J24="","",IF(J24>=80,"ممتاز — استمر",IF(J24>=50,"جيد — عزز نقاط القوة","خطة دعم مطلوبة"))) -> خطة دعم مطلوبة
A25: =IF('إدخال الدرجات'!$J$25="","",'إدخال الدرجات'!$L$25) -> 1 | B25: ='إدخال الدرجات'!B25 -> طالب 23 | C25: ='إدخال الدرجات'!C25 | D25: ='إدخال الدرجات'!D25 | E25: ='إدخال الدرجات'!E25 | F25: ='إدخال الدرجات'!F25 | G25: ='إدخال الدرجات'!G25 | H25: ='إدخال الدرجات'!H25 | I25: ='إدخال الدرجات'!I25 -> 0 | ... K25: ='إدخال الدرجات'!K25 -> يحتاج متابعة | L25: =MAX(C25:H25) -> 0 | M25: =MIN(C25:H25) -> 0 | N25: =IF(J25="","",J25-AVERAGE($J$3:$J$32)) -> 0 | O25: =IF(J25="","",IF(J25>=80,"ممتاز — استمر",IF(J25>=50,"جيد — عزز نقاط القوة","خطة دعم مطلوبة"))) -> خطة دعم مطلوبة
A26: =IF('إدخال الدرجات'!$J$26="","",'إدخال الدرجات'!$L$26) -> 1 | B26: ='إدخال الدرجات'!B26 -> طالب 24 | C26: ='إدخال الدرجات'!C26 | D26: ='إدخال الدرجات'!D26 | E26: ='إدخال الدرجات'!E26 | F26: ='إدخال الدرجات'!F26 | G26: ='إدخال الدرجات'!G26 | H26: ='إدخال الدرجات'!H26 | I26: ='إدخال الدرجات'!I26 -> 0 | ... K26: ='إدخال الدرجات'!K26 -> يحتاج متابعة | L26: =MAX(C26:H26) -> 0 | M26: =MIN(C26:H26) -> 0 | N26: =IF(J26="","",J26-AVERAGE($J$3:$J$32)) -> 0 | O26: =IF(J26="","",IF(J26>=80,"ممتاز — استمر",IF(J26>=50,"جيد — عزز نقاط القوة","خطة دعم مطلوبة"))) -> خطة دعم مطلوبة
A27: =IF('إدخال الدرجات'!$J$27="","",'إدخال الدرجات'!$L$27) -> 1 | B27: ='إدخال الدرجات'!B27 -> طالب 25 | C27: ='إدخال الدرجات'!C27 | D27: ='إدخال الدرجات'!D27 | E27: ='إدخال الدرجات'!E27 | F27: ='إدخال الدرجات'!F27 | G27: ='إدخال الدرجات'!G27 | H27: ='إدخال الدرجات'!H27 | I27: ='إدخال الدرجات'!I27 -> 0 | ... K27: ='إدخال الدرجات'!K27 -> يحتاج متابعة | L27: =MAX(C27:H27) -> 0 | M27: =MIN(C27:H27) -> 0 | N27: =IF(J27="","",J27-AVERAGE($J$3:$J$32)) -> 0 | O27: =IF(J27="","",IF(J27>=80,"ممتاز — استمر",IF(J27>=50,"جيد — عزز نقاط القوة","خطة دعم مطلوبة"))) -> خطة دعم مطلوبة
A28: =IF('إدخال الدرجات'!$J$28="","",'إدخال الدرجات'!$L$28) -> 1 | B28: ='إدخال الدرجات'!B28 -> طالب 26 | C28: ='إدخال الدرجات'!C28 | D28: ='إدخال الدرجات'!D28 | E28: ='إدخال الدرجات'!E28 | F28: ='إدخال الدرجات'!F28 | G28: ='إدخال الدرجات'!G28 | H28: ='إدخال الدرجات'!H28 | I28: ='إدخال الدرجات'!I28 -> 0 | ... K28: ='إدخال الدرجات'!K28 -> يحتاج متابعة | L28: =MAX(C28:H28) -> 0 | M28: =MIN(C28:H28) -> 0 | N28: =IF(J28="","",J28-AVERAGE($J$3:$J$32)) -> 0 | O28: =IF(J28="","",IF(J28>=80,"ممتاز — استمر",IF(J28>=50,"جيد — عزز نقاط القوة","خطة دعم مطلوبة"))) -> خطة دعم مطلوبة
A29: =IF('إدخال الدرجات'!$J$29="","",'إدخال الدرجات'!$L$29) -> 1 | B29: ='إدخال الدرجات'!B29 -> طالب 27 | C29: ='إدخال الدرجات'!C29 | D29: ='إدخال الدرجات'!D29 | E29: ='إدخال الدرجات'!E29 | F29: ='إدخال الدرجات'!F29 | G29: ='إدخال الدرجات'!G29 | H29: ='إدخال الدرجات'!H29 | I29: ='إدخال الدرجات'!I29 -> 0 | ... K29: ='إدخال الدرجات'!K29 -> يحتاج متابعة | L29: =MAX(C29:H29) -> 0 | M29: =MIN(C29:H29) -> 0 | N29: =IF(J29="","",J29-AVERAGE($J$3:$J$32)) -> 0 | O29: =IF(J29="","",IF(J29>=80,"ممتاز — استمر",IF(J29>=50,"جيد — عزز نقاط القوة","خطة دعم مطلوبة"))) -> خطة دعم مطلوبة
A30: =IF('إدخال الدرجات'!$J$30="","",'إدخال الدرجات'!$L$30) -> 1 | B30: ='إدخال الدرجات'!B30 -> طالب 28 | C30: ='إدخال الدرجات'!C30 | D30: ='إدخال الدرجات'!D30 | E30: ='إدخال الدرجات'!E30 | F30: ='إدخال الدرجات'!F30 | G30: ='إدخال الدرجات'!G30 | H30: ='إدخال الدرجات'!H30 | I30: ='إدخال الدرجات'!I30 -> 0 | ... K30: ='إدخال الدرجات'!K30 -> يحتاج متابعة | L30: =MAX(C30:H30) -> 0 | M30: =MIN(C30:H30) -> 0 | N30: =IF(J30="","",J30-AVERAGE($J$3:$J$32)) -> 0 | O30: =IF(J30="","",IF(J30>=80,"ممتاز — استمر",IF(J30>=50,"جيد — عزز نقاط القوة","خطة دعم مطلوبة"))) -> خطة دعم مطلوبة
A31: =IF('إدخال الدرجات'!$J$31="","",'إدخال الدرجات'!$L$31) -> 1 | B31: ='إدخال الدرجات'!B31 -> طالب 29 | C31: ='إدخال الدرجات'!C31 | D31: ='إدخال الدرجات'!D31 | E31: ='إدخال الدرجات'!E31 | F31: ='إدخال الدرجات'!F31 | G31: ='إدخال الدرجات'!G31 | H31: ='إدخال الدرجات'!H31 | I31: ='إدخال الدرجات'!I31 -> 0 | ... K31: ='إدخال الدرجات'!K31 -> يحتاج متابعة | L31: =MAX(C31:H31) -> 0 | M31: =MIN(C31:H31) -> 0 | N31: =IF(J31="","",J31-AVERAGE($J$3:$J$32)) -> 0 | O31: =IF(J31="","",IF(J31>=80,"ممتاز — استمر",IF(J31>=50,"جيد — عزز نقاط القوة","خطة دعم مطلوبة"))) -> خطة دعم مطلوبة
A32: =IF('إدخال الدرجات'!$J$32="","",'إدخال الدرجات'!$L$32) -> 1 | B32: ='إدخال الدرجات'!B32 -> طالب 30 | C32: ='إدخال الدرجات'!C32 | D32: ='إدخال الدرجات'!D32 | E32: ='إدخال الدرجات'!E32 | F32: ='إدخال الدرجات'!F32 | G32: ='إدخال الدرجات'!G32 | H32: ='إدخال الدرجات'!H32 | I32: ='إدخال الدرجات'!I32 -> 0 | ... K32: ='إدخال الدرجات'!K32 -> يحتاج متابعة | L32: =MAX(C32:H32) -> 0 | M32: =MIN(C32:H32) -> 0 | N32: =IF(J32="","",J32-AVERAGE($J$3:$J$32)) -> 0 | O32: =IF(J32="","",IF(J32>=80,"ممتاز — استمر",IF(J32>=50,"جيد — عزز نقاط القوة","خطة دعم مطلوبة"))) -> خطة دعم مطلوبة

Sheet الإعدادات
A1: ⚙️ إعدادات الدرجات | B1: القيمة | C1: الوصف
A2: الدرجة القصوى | B2: 100 | C2: كل امتحان من 100
A3: حد النجاح % | B3: 50 | C3: قابل للتعديل
A4: عدد الطلاب | B4: 30 | C4: صفوف الإدخال الجاهزة
A5: عدد الامتحانات | B5: 6 | C5: امتحانات متساوية الوزن
